Address,Latitude,Longitude
"QUINTANA ROO, 2381 CANCUN_BM",21.19023,-86.82003
"QUINTANA ROO, 2410 CANCUN II",21.14578,-86.86565
"QUINTANA ROO, 2387 COZUMEL",20.48963,-86.9403
"QUINTANA ROO, 2395 PLAYA DEL CARMEN",20.62754,-87.07548
"YUCATÁN, 2404 VALLADOLID",20.68871,-88.21036
"QUINTANA ROO, 2388 CHETUMAL",18.49379,-88.29853
"YUCATÁN, 2401 TEKAX",20.20065,-89.28006
"YUCATÁN, 2393 MERIDA SUR",20.92281,-89.60865
"YUCATÁN, 2392 MERIDA NORTE",21.00665,-89.61996
"CAMPECHE, 2380 CAMPECHE",19.8465,-90.53689
"CAMPECHE, 2408 ESCARCEGA",18.60417,-90.73192
"TABASCO, 2389 EMILIANO ZAPATA",17.74452,-91.76499
"CAMPECHE, 2384 CIUDAD DEL CARMEN",18.65774,-91.78526
"CHIAPAS, 2411 COMITAN",16.25115,-92.13648
"CHIAPAS, 2399 TAPACHULA",14.91107,-92.26432
"CHIAPAS, 2398 SAN CRISTOBAL",16.73702,-92.63756
"MÉXICO, D.F., 2064 AG. TEPALCATES 1",16.71901,-92.63819
"TABASCO, 2390 INDUSTRIAL",18.02697,-92.90861
"TABASCO, 2382 CARDENAS",17.55038,-92.9518
"CHIAPAS, 2402 TUXTLA",16.75397,-93.11519
"MÉXICO, D.F., 2027 AG. VALLEJO",16.73356,-93.11753
"TABASCO, 2396 RUIZ CORTINEZ",18.06593,-93.17085
"CHIAPAS, 2379 ARRIAGA_BM",16.23623,-93.89953
"VERACRUZ, 2386 COATZACOALCOS MLA.",18.12833,-94.45302
"VERACRUZ, 2394 MINATITLAN",17.98801,-94.55851
"VERACRUZ, 2378 ACAYUCAN",17.94882,-94.91387
"OAXACA, 2391 IXTEPEC",16.56197,-95.10016
"OAXACA, 2397 SALINA CRUZ",16.1825,-95.19768
"VERACRUZ, 2366 SAN ANDRES",18.44867,-95.21257
"VERACRUZ, 2354 ISLA",18.02736,-95.52848
"VERACRUZ, 2352 CORDOBA",19.17355,-96.14974
"OAXACA, 2374 TUXTEPEC",18.08594,-96.15123
"VERACRUZ, 2361 ORIZABA",19.17313,-96.15177
"VERACRUZ, 2371 TIERRA BLANCA",18.44745,-96.36032
"MÉXICO, D.F., 2032 AG. SANTA LUCIA",17.04533,-96.70064
"MÉXICO, D.F., 2016 AG. SAN LORENZO",19.31282,-99.0666
"HIDALGO, 2087 AG. TIZAYUCA",17.14098,-96.80131
"OAXACA, 2170 PUERTO ESCONDIDO",16.79041,-96.80469
"VERACRUZ, 2355 JALAPA I",19.6013,-96.83835
"VERACRUZ, 2358 MARTINEZ DE LA TORRE",20.06138,-97.05395
"VERACRUZ, 2373 TUXPAM",20.96134,-97.40089
"PUEBLA, 2370 TEZIUTLAN",18.44853,-97.40973
"PUEBLA, 2417 ZACATLAN",18.44709,-97.41007
"VERACRUZ, 2363 POZA RICA",20.52713,-97.459
"PUEBLA, 2413 CIUDAD SERDÁN",18.98034,-97.46088
"TAMAULIPAS, 2468 MATAMOROS BIMBO",25.82558,-97.53643
"OAXACA, 2353 HUAJUAPAN",17.80698,-97.77606
"PUEBLA, 2367 SAN MARTIN T.",18.8627,-97.82111
"TAMAULIPAS, 2504 TAMPICO MARINELA",22.32074,-97.8774
"PUEBLA, 2407 TEPEACA",18.96467,-97.90383
"NUEVO LEÓN, 2481 WONDER GUERRERO",17.0256,-97.92677
"OAXACA, 2415 JUXTLAHUACA",17.33468,-98.01401
"OAXACA, 2169 PINOTEPA",16.33904,-98.05054
"TLAXCALA, 2036 APIZACO MARINELA",19.40914,-98.14045
"PUEBLA, 2055 Pinotepa",18.94267,-98.16448
"PUEBLA, 2169 Cruce De Andén Sureste",18.99445,-98.19185
"VERACRUZ, 2377 VERACRUZ SUR MLA",19.01968,-98.21484
"PUEBLA, 2063 TEHUACAN MARINELA",19.00657,-98.2264
"TAMAULIPAS, 2475 REYNOSA BIMBO",26.02822,-98.23813
"HIDALGO, 2329 AG.HUEJUTLA",21.13392,-98.2986
"HIDALGO, 2372 AG.TULANCINGO",20.08027,-98.36888
"TAMAULIPAS, 2499 REYNOSA MARINELA",26.06872,-98.38495
"HIDALGO, 2412 APAN",19.70955,-98.45104
"PUEBLA, 2414 IZUCAR DE MATAMOROS",18.59556,-98.49077
"HIDALGO, 2362 AG.PACHUCA",20.11673,-98.73937
"MÉXICO, D.F., 2018 AG. TEPALCATES 2",20.13288,-98.74873
"HIDALGO, 2416 PACHUCA II",20.10007,-98.77212
"ESTADO DE MÉXICO, 2094 CHALCO_BM",19.26699,-98.83778
"ESTADO DE MÉXICO, 2078 AG. TEXCOCO",19.51353,-98.8808
"SAN LUIS POTOSÍ, 2257 CD. VALLES",21.21533,-98.8987
"MORELOS, 2157 CUAUTLA",18.79682,-98.91872
"ESTADO DE MÉXICO, 2087 AG. TIZAYUCA",19.85625,-98.95707
"MORELOS, 2044 CUERNAVACA BUENAVISTA",18.88064,-99.05029
"MÉXICO, D.F., 2070 AG. XOCHIMILCO 1",19.41378,-99.06333
"MÉXICO, D.F., 2088 AG. CEYLAN",19.54418,-99.11269
"MÉXICO, D.F., 2031 AG. PANTITLAN",19.54842,-99.11277
"MÉXICO, D.F., 2050 AG. MIXCOAC",19.54234,-99.11452
"MÉXICO, D.F., 2002 AG. AZCAPOTZALCO",19.54232,-99.11454
"TAMAULIPAS, 2368 TAMPICO BIMBO",23.73399,-99.12
"MÉXICO, D.F., 2029 AG.IZTAPALAPA 2",19.36178,-99.12208
"MÉXICO, D.F., 2011 AG. SAN ANTONIO",19.43596,-99.12694
"MÉXICO, D.F., 2049 AG. IZTAPALAPA 1",19.36802,-99.12973
"ESTADO DE MÉXICO, 2116 Cruce De Anden Región Mexico",19.43268,-99.13421
"TAMAULIPAS, 2480 VICTORIA BIMBO",23.76143,-99.14028
"MÉXICO, D.F., 2021 AG. XOCHIMILCO 2",19.289,-99.14688
"HIDALGO, 2359 AG.MIXQUIAHUALA",20.29327,-99.15201
"ESTADO DE MÉXICO, 2004 AG. CUAUTITLAN",19.72135,-99.15328
"ESTADO DE MÉXICO, 2041 AG. TULTITLAN",19.61135,-99.15355
"MORELOS, 2162 JOJUTLA_BM",18.61574,-99.18156
"MÉXICO, D.F., 2008 AG. LAGO FILT",19.44194,-99.19582
"ESTADO DE MÉXICO, 2042 AG. TEPOZOTLAN",19.7146,-99.22396
"ESTADO DE MÉXICO, 2003 AG. COACALCO",19.55858,-99.23319
"ESTADO DE MÉXICO, 2048 AG. IXTAPALUCA 1",19.45396,-99.2422
"ESTADO DE MÉXICO, 2081 NAUCALPAN II",19.4797,-99.25194
"MORELOS, 2158 CUERNAVACA CIVAC",18.97553,-99.25222
"ESTADO DE MÉXICO, 2001 AG. ATIZAPAN",19.56356,-99.26662
"ESTADO DE MÉXICO, 2013 AG. MEGA NAUCALPAN",19.45279,-99.28102
"MÉXICO, D.F., 2647 BLM_AG. CAMPESINOS AUTOSERVICI",19.33477,-99.3273
"CHIHUAHUA, 2485 CHIHUAHUA MARINELA",27.47169,-99.49758
"ESTADO DE MÉXICO, 2065 TOLUCA CENTRO",19.28421,-99.49987
"TAMAULIPAS, 2465 LAREDO",27.47475,-99.50238
"TAMAULIPAS, 3216 NUEVO LAREDO",27.47483,-99.50968
"GUERRERO, 2160 IGUALA",18.34455,-99.53837
"ESTADO DE MÉXICO, 2176 TOLUCA SAN ANTONIO",19.24224,-99.56105
"ESTADO DE MÉXICO, 2175 TOLUCA AEROPUERTO",19.32358,-99.57095
"ESTADO DE MÉXICO, 2092 AG. SANTA CLARA AUTOSERVICIOS",19.73289,-99.61404
"ESTADO DE MÉXICO, 2066 TOLUCA PONIENTE",19.3765,-99.64497
"ESTADO DE MÉXICO, 2080 TEXCOCO WONDER",19.27168,-99.68225
"GUERRERO, 2151 ACAPULCO ESCENICA",16.81897,-99.81908
"NUEVO LEÓN, 2496 LA FE",25.17264,-99.83504
"ESTADO DE MÉXICO, 2154 ATLACOMULCO",19.80043,-99.87442
"GUERRERO, 2034 ACAPULCO COSTERA",16.83792,-99.90879
"QUERETARO, 2090 AG. TEPEJI DEL RIO",20.40746,-99.95665
"GUERRERO, 2189 ACAPULCO SAN ISIDRO",16.91371,-99.95915
"Queretaro de Arteaga, 2059 Queretaro Balvanera",20.39288,-99.98676
"NUEVO LEÓN, 2515 CAVAZOS",25.65274,-100.20347
"GUERRERO, 2159 CHILPANCINGO",25.69241,-100.22443
"NUEVO LEÓN, 2493 MITRAS",25.61922,-100.26873
"NUEVO LEÓN, 2517 SENDERO AUTOSERVICIO",25.62744,-100.28639
"NUEVO LEÓN, 2516 ESCOBEDO",25.82422,-100.29528
"NUEVO LEÓN, 2478 SAN NICOLAS",25.74066,-100.30155
"NUEVO LEÓN, 2461 HIDALGO BIMBO",25.73157,-100.3239
"NUEVO LEÓN, 2466 LINARES",25.73965,-100.32395
"NUEVO LEÓN, 2479 SANTA CATARINA BIMBO",25.73263,-100.33134
"NUEVO LEÓN, 2467 LINCOLN",25.71498,-100.3583
"NUEVO LEÓN, 2145 Cruce De Anden Norte",25.75835,-100.40573
"MICHOACÁN, 2188 MARAVATIO",19.89167,-100.44167
"QUERETARO, 2059 QUERETARO BALVANERA",20.53828,-100.48379
"JALISCO, 2309 NORTE",28.69312,-100.53775
"MÉXICO, D.F., 2007 AG. LA VILLA",28.64735,-100.53792
"GUANAJUATO, 2174 SAN MIGUEL DE ALLENDE",20.91445,-100.74526
"GUANAJUATO, 2156 CELAYA INDUSTRIAL WONDER",20.5481,-100.81617
"GUANAJUATO, 2155 CELAYA NORPONIENTE",20.21446,-100.89681
"SAN LUIS POTOSÍ, 2272 SAN LUIS REY",22.16015,-100.92535
"COAHUILA, 2451 ACUÑA",29.324,-100.93262
"SAN LUIS POTOSÍ, 2276 WONDER LA RAZA",22.17776,-100.95695
"SAN LUIS POTOSÍ, 2265 MATEHUALA BIMBO",22.17352,-100.95716
"ZACATECAS, 2321 ZACATECAS MARINELA",29.30354,-100.96197
"COAHUILA, 2477 SALTILLO BIMBO",25.42744,-100.96855
"SAN LUIS POTOSÍ, 2315 SAN LUIS POTOSI MARINELA",22.15161,-100.97461
"COAHUILA, 2474 PIEDRAS NEGRAS",25.43741,-100.99179
"COAHUILA, 2469 MONCLOVA BIMBO",25.44503,-100.99185
"ESTADO DE MÉXICO, 2014 AG. NEZA",29.3297,-101.00691
"MICHOACÁN, 2168 MORELIA ABASTOS",19.71743,-101.16832
"MICHOACÁN, 2182 ZITACUARO",19.71157,-101.17482
"GUANAJUATO, 2178 URIANGATO",20.14101,-101.17805
"MICHOACÁN, 2167 MORELIA LA HUERTA",19.67382,-101.21719
"GUANAJUATO, 2301 CUBILETE",21.01484,-101.27621
"GUANAJUATO, 2187 SALAMANCA",20.65817,-101.31724
"GUANAJUATO, 2161 IRAPUATO GUADALUPE",20.66754,-101.34621
"COLIMA, 2258 COLIMA BIMBO",20.67192,-101.37067
"GUANAJUATO, 2296 IRAPUATO SAN MIGUELITO",20.66642,-101.376732
"COAHUILA, 2476 SABINAS",26.88288,-101.39015
"COAHUILA, 2502 SALTILLO MARINELA",26.75744,-101.40921
"GUERRERO, 2181 ZIHUATANEJO",17.63866,-101.5587
"GUANAJUATO, 2300 LEON MILENIUM",21.122129,-101.60347
"GUANAJUATO, 2165 LEON SAN JUAN BOSCO",21.13489,-101.70916
"GUANAJUATO, 2190 BI_SAN FRANCISCO DEL RINCON",21.008,-101.86975
"MICHOACÁN, 2179 URUAPAN",19.43569,-102.01871
"MICHOACÁN, 2163 LA PIEDAD",20.34123,-102.02054
"MICHOACÁN, 2322 ZAMORA MADERO",19.16149,-102.04883
"MICHOACÁN, 2164 LAZARO CARDENAS",20.35378,-102.05122
"MICHOACÁN, 2271 RIO VERDE BIMBO",19.3771,-102.05294
"AGUASCALIENTES, 2252 AGUASCALIENTES SIGLO XXI",21.86001,-102.24934
"AGUASCALIENTES, 2251 AGUASCALIENTES NORTE",21.91542,-102.29562
"MICHOACÁN, 2153 APATZINGAN",19.08874,-102.36618
"ESTADO DE MÉXICO, 2010 AG. LOS REYES",19.62215,-102.48595
"ESTADO DE MÉXICO, 2017 AG. SANTA CLARA",19.62193,-102.48636
"ZACATECAS, 2259 FRESNILLO BIMBO",23.17568,-102.86787
"MÉXICO, D.F., 2040 AG. CENTRO",20.60467,-103.1595
"JALISCO, 2330 TLAQUEPARQUE",20.6384,-103.31066
"JALISCO, 2254 AUTLAN_BM",20.64278,-103.32283
"JALISCO, 2273 SAN PEDRO",20.61073,-103.33687
"JALISCO, 2294 GUADALAJARA",20.73168,-103.3395
"JALISCO, 2253 ATOTONILCO",20.7316,-103.34274
"COLIMA, 2264 MANZANILLO BIMBO",20.58491,-103.34855
"JALISCO, 2260 GONZALEZ GALLO",20.739,-103.34972
"JALISCO, 2293 GRANJAS MARINELA",20.61431,-103.37302
"COAHUILA, 2505 TORREON",25.5352,-103.37908
"JALISCO, 2278 ZAPOPAN BIMBO",20.72156,-103.39094
"JALISCO, 2263 LIBERTAD",20.66124,-103.4156
"MÉXICO, D.F., 2083 AZCAPOTZALCO II MARINELA",25.54846,-103.41914
"JALISCO, 2186 LAGOS DE MORENO",20.76673,-103.42234
"JALISCO, 2304 MARIANO OTERO_MM",20.63376,-103.42657
"JALISCO, 2269 PUERTO VALLARTA BIMBO",20.52724,-103.43654
"JALISCO, 2274 TEPATITLAN BIMBO",20.74831,-103.43956
"JALISCO, 2268 PALOMAR",20.5925,-103.46056
"JALISCO, 2255 CD GUZMAN",19.70124,-103.49382
"COLIMA, 2325 TECOMAN",18.9105,-103.87355
"DURANGO, 2458 GOMEZ PALACIO BIMBO",24.71253,-103.8839
"NAYARIT, 2275 TEPIC BIMBO",21.47981,-104.89184
"DURANGO, 2310 NUEVO IDEAL",24.88831,-105.07421
"PUEBLA, 2056 PUEBLA NORTE MARINELA",19.43631,-99.26153
"PUEBLA, 2364 PUEBLA NORTE BIMBO",21.815,-105.20142
"NAYARIT, 2328 SANTIAGO IXCUINTLA",21.80852,-105.20583
"VERACRUZ, 2375 VERACRUZ NORTE",21.81542,-105.20749
"NAYARIT, 2262 LA PEÑITA",21.04745,-105.2428
"VERACRUZ, 2376 CONVENIENCIA VERACRUZ SUR",21.8573,-105.28131
"CHIHUAHUA, 2454 CUAHUTEMOC",28.09039,-105.32173
"NAYARIT, 2279 ACAPONETA",22.48863,-105.36061
"CHIHUAHUA, 2472 OJINAGA",28.59722,-106.0165
"CHIHUAHUA, 2453 CASAS GRANDES",28.67848,-106.10762
"NUEVO LEÓN, 2487 AEROPUERTO",31.66702,-106.4244
"CHIHUAHUA, 2473 PARRAL BIMBO",31.70327,-106.44238
"OAXACA, 2360 OAXACA BIMBO",31.7104,-106.44291
"CHIHUAHUA, 2462 JUAREZ BIMBO",28.18679,-105.55487
"CHIHUAHUA, 2488 JUAREZ",31.72335,-106.46325
"GUERRERO, 2152 ALTAMIRANO_BM",31.72654,-106.4956
"SINALOA, 2557 BW_GUASAVE",24.83666,-107.36094
"SINALOA, 2289 CULIACAN MARINELA",24.81468,-107.37406
"SINALOA, 2288 CULIACAN BIMBO",24.80739,-107.39444
"ZACATECAS, 2277 ZACATECAS BIMBO",23.20401,-102.84745
"SINALOA, 2305 MAZATLAN BIMBO",23.21998,-106.37763
"SINALOA, 2306 MAZATLAN MARINELA",25.456949,-107.51268
"SINALOA, 2556 GUAMUCHIL",25.991,-108.08136
"MÉXICO, D.F., 2015 AG. ROJO GOMEZ",25.49335,-108.37498
"SINALOA, 2655 LOS MOCHIS",25.76719,-108.99228
"SINALOA, 2561 LOS MOCHIS",25.76269,-109.00138
"ESTADO DE MÉXICO, 2019 AG. XALOSTOC",25.80741,-109.01029
"ESTADO DE MÉXICO, 2177 AGENCIA SUANDY",25.80855,-109.01231
"SONORA, 2551 AGUA PRIETA",31.32776,-109.54688
"SONORA, 2564 MOCTEZUMA",29.80206,-109.68084
"BAJA CALIFORNIA SUR, 2313 SAN JOSE DEL CABO",23.05263,-109.70358
"SONORA, 2554 CD. OBREGON",27.48267,-109.84989
"SONORA, 2558 GUAYMAS",27.4635,-109.94137
"SONORA, 2560 LAS TORRES",27.43851,-109.95239
"BAJA CALIFORNIA SUR, 2297 LA PAZ",24.16208,-110.31301
"PUEBLA, 2365 PUEBLA SUR BIMBO",24.13712,-110.31496
"PUEBLA, 2057 PUEBLA SUR MARINELA",24.13723,-110.31511
"MICHOACÁN, 2256 CD. MANTE",24.13689,-110.32139
"SONORA, 2566 NOGALES_BW",31.31653,-110.94623
"SONORA, 2520 HERMOSILLO SUR",29.14191,-111.02765
"SONORA, 2570 SANTA ANA",30.54333,-111.12114
"BAJA CALIFORNIA SUR, 2285 CD. CONSTITUCION",25.04566,-111.61375
"SONORA, 2552 CABORCA",30.71363,-112.14774
"BAJA CALIFORNIA SUR, 2316 SANTA ROSALIA",27.34226,-112.26718
"SONORA, 2567 PUERTO PEÑASCO",31.33601,-113.53116
"BAJA CALIFORNIA SUR, 2576 GUERRERO NEGRO",27.95879,-114.05577
"SONORA, 2568 SAN LUIS R.C.",31.6987,-114.5052
"CHIHUAHUA, 2455 CHIHUAHUA BIMBO",32.45987,-114.77268
"BAJA CALIFORNIA NORTE, 2563 MEXICALI PONIENTE",32.58643,-115.38163
"BAJA CALIFORNIA NORTE, 2562 MEXICALI PLAZA",32.60554,-115.38354
"BAJA CALIFORNIA NORTE, 2555 ENSENADA II",32.47913,-116.8351
"BAJA CALIFORNIA NORTE, 2572 TIJUANA EL FLORIDO",32.45932,-116.88027
"BAJA CALIFORNIA NORTE, 2571 TECATE",32.51513,-116.89399
"BAJA CALIFORNIA SUR, 2314 SAN LUCAS",32.50414,-116.89955
"BAJA CALIFORNIA NORTE, 2569 SAN QUINTÍN",32.51351,-116.90131
"BAJA CALIFORNIA NORTE, 2573 TIJUANA GATO BRONCO",32.5086,-116.92294
"JALISCO, 2267 OCOTLAN BIMBO",32.49036,-116.95618
"CHIHUAHUA, 2457 DELICIAS BIMBO",32.50341,-116.96191
"SONORA, 2553 CANANEA",32.49759,-116.97503
"SONORA, 2565 NAVOJOA",32.4967,-116.97613
"DURANGO, 2290 DURANGO BIMBO",32.52268,-117.02828
"OAXACA, 2053 OAXACA MARINELA",32.3739,-117.04358
"BAJA CALIFORNIA NORTE, 2152 Cruce De Anden Noroeste",32.3378,-117.05381
"BAJA CALIFORNIA NORTE, 2575 TIJUANA ROSARITO",32.35983,-117.05583
"BAJA CALIFORNIA NORTE, 2574 TIJUANA PACIFICO",32.51437,-117.12303
